<?xml version="1.0" encoding="UTF-8"?>
<beans xmlns="http://www.springframework.org/schema/beans"
	xmlns:xsi="http://www.w3.org/2001/XMLSchema-instance"
	xmlns:int-amqp="http://www.springframework.org/schema/integration/amqp"
	xmlns:rabbit="http://www.springframework.org/schema/rabbit"
	xmlns:int-jms="http://www.springframework.org/schema/integration/jms"
	xmlns:int="http://www.springframework.org/schema/integration"
	xsi:schemaLocation="http://www.springframework.org/schema/integration/amqp http://www.springframework.org/schema/integration/amqp/spring-integration-amqp.xsd
        http://www.springframework.org/schema/integration http://www.springframework.org/schema/integration/spring-integration.xsd
        http://www.springframework.org/schema/integration/jms http://www.springframework.org/schema/integration/jms/spring-integration-jms.xsd
        http://www.springframework.org/schema/rabbit http://www.springframework.org/schema/rabbit/spring-rabbit.xsd
        http://www.springframework.org/schema/beans http://www.springframework.org/schema/beans/spring-beans.xsd">


	<!-- Channel Definition -->
	<int:channel id="myChannel" />

	<!-- Configure Source/Consumer Broker Connector (RabbitMQ) -->
	<rabbit:connection-factory
		id="rabbitConnectionFactory" username="guest" password="guest"
		addresses="localhost:5672" />

	<int-amqp:inbound-channel-adapter
		channel="myChannel" queue-names="SavingsAccount"
		connection-factory="rabbitConnectionFactory" auto-startup="true"
		id="inboundChannelAdapter" />



	<!-- Configure Destination/Receiver Broker Connector (IBMMQ) -->
	<bean id="jmsConnectionFactory"
		class="com.ibm.mq.jms.MQQueueConnectionFactory">
		<property name="queueManager" value="QM.BANK" />
		<property name="hostName" value="DESKTOP-7D377M5" />
		<property name="port" value="2000" />
		<property name="channel" value="SYSTEM.DEF.SVRCONN" />
		<property name="transportType" value="1" />
	</bean>

	<bean id="jmsQueue" class="com.ibm.mq.jms.MQQueue"
		depends-on="jmsConnectionFactory">
		<property name="baseQueueManagerName" value="QM.BANK" />
		<property name="baseQueueName" value="Q.SAVINGS" />
		<property name="targetClient" value="1" />
	</bean>

	<int-jms:outbound-channel-adapter
		id="jmsOut" destination="jmsQueue"
		connection-factory="jmsConnectionFactory" channel="myChannel" />

</beans>
